,Datetime,SA DPT,SA Temp,RA DPT,SA %RH,RA Temp,RA Humidity
0,2022-01-01 00:27:00,17.4,19.5,17.6,88.5,21.4,79.1
1,2022-01-01 00:27:00,18.0,20.1,17.3,88.5,21.8,76.1
2,2022-01-01 00:46:16,18.3,20.4,17.0,88.5,21.9,74.6
3,2022-01-01 00:46:16,18.6,20.7,17.5,88.2,22.2,75.2
4,2022-01-01 01:07:56,18.7,20.8,17.5,88.0,22.2,75.1
5,2022-01-01 01:07:56,18.7,20.8,17.2,87.8,22.3,72.9
6,2022-01-01 01:32:18,18.5,20.8,17.0,87.6,22.3,72.3
7,2022-01-01 01:32:18,18.5,20.8,17.0,87.4,22.3,71.8
8,2022-01-01 02:16:50,18.6,20.9,16.6,87.2,22.2,70.8
9,2022-01-01 02:16:50,18.7,21.0,16.7,87.0,22.3,71.3
10,2022-01-01 02:36:47,18.8,21.1,16.5,86.7,22.3,70.2
11,2022-01-01 02:36:47,18.7,21.2,16.7,86.5,22.3,70.7
12,2022-01-01 03:22:44,18.8,21.3,16.5,86.3,22.3,70.6
13,2022-01-01 03:22:44,18.7,21.2,16.4,85.9,22.2,70.2
14,2022-01-01 03:41:37,18.6,21.1,16.4,85.7,22.2,70.0
15,2022-01-01 03:41:37,18.4,21.1,16.4,85.4,22.2,69.7
16,2022-01-01 04:51:50,18.5,21.2,16.4,85.2,22.2,69.7
17,2022-01-01 04:51:50,18.6,21.3,16.4,85.0,22.2,70.0
18,2022-01-01 05:17:03,18.6,21.3,16.2,84.7,22.0,69.9
19,2022-01-01 05:17:03,18.4,21.3,16.2,84.4,22.0,70.0
20,2022-01-01 01:52:54,18.3,21.2,16.4,84.0,21.9,71.1
21,2022-01-01 01:52:54,18.4,21.3,16.6,83.7,21.9,71.8
22,2022-01-01 05:41:55,18.4,21.4,16.7,83.6,22.0,72.3
23,2022-01-01 05:41:55,18.5,21.6,17.0,83.3,22.1,73.4
24,2022-01-01 02:57:36,18.6,21.7,17.3,83.1,22.2,73.7
25,2022-01-01 02:57:36,18.8,21.9,17.4,83.0,22.5,73.4
26,2022-01-01 06:07:43,19.0,22.1,17.5,82.9,22.7,72.8
27,2022-01-01 06:07:43,19.2,22.3,17.5,82.8,22.9,71.8
28,2022-01-01 06:32:40,19.2,22.5,17.4,82.6,23.2,70.4
29,2022-01-01 06:32:40,19.5,22.8,17.4,82.4,23.5,68.9
30,2022-01-01 07:03:12,19.8,23.1,17.6,82.1,23.9,67.9
31,2022-01-01 07:03:12,20.1,23.4,17.6,81.9,24.2,67.0
32,2022-01-01 07:46:34,20.1,23.6,17.6,81.6,24.4,66.3
33,2022-01-01 07:46:34,20.4,23.9,17.9,81.3,24.8,65.7
34,2022-01-01 08:11:46,20.7,24.2,17.9,81.0,25.0,65.3
35,2022-01-01 08:11:46,20.8,24.5,18.4,80.6,25.3,66.3
36,2022-01-01 08:35:26,21.0,24.7,18.9,80.3,25.6,66.7
37,2022-01-01 08:35:26,21.2,25.0,19.1,80.0,25.8,66.8
38,2022-01-01 09:00:30,21.4,25.2,18.8,79.7,26.0,64.7
39,2022-01-01 09:00:30,21.3,25.3,18.4,79.3,26.1,63.0
40,2022-01-01 09:26:11,21.4,25.4,17.6,78.9,26.1,60.3
41,2022-01-01 09:26:11,21.3,25.5,17.5,78.3,26.2,58.7
42,2022-01-01 09:45:41,21.4,25.6,17.2,77.7,26.2,58.4
43,2022-01-01 09:45:41,21.3,25.7,17.2,77.1,26.2,57.9
44,2022-01-01 10:07:57,21.1,25.7,17.2,76.4,26.2,57.7
45,2022-01-01 10:07:57,21.1,25.7,17.1,75.7,26.1,58.0
46,2022-01-01 10:26:23,20.8,25.6,16.9,75.2,25.9,58.2
47,2022-01-01 10:26:23,20.3,25.3,16.8,74.1,25.5,59.4
48,2022-01-01 10:47:34,20.2,25.2,17.2,73.7,25.3,60.7
49,2022-01-01 10:47:34,19.6,24.8,17.2,73.1,24.8,62.8
50,2022-01-01 11:13:26,19.4,24.6,17.3,72.8,24.6,64.0
51,2022-01-01 11:13:26,19.2,24.4,17.3,72.7,24.4,64.9
52,2022-01-01 11:38:21,18.8,24.2,16.9,72.5,24.2,64.6
53,2022-01-01 11:38:21,18.7,24.1,17.3,72.4,24.1,65.8
54,2022-01-01 11:57:27,18.6,24.0,17.2,72.3,24.0,66.5
55,2022-01-01 11:57:27,18.4,23.8,17.2,72.3,23.8,67.2
56,2022-01-01 12:18:19,18.3,23.7,17.4,72.3,23.7,67.7
57,2022-01-01 12:18:19,18.2,23.6,17.3,72.3,23.6,68.2
58,2022-01-01 12:41:59,18.1,23.5,17.2,72.3,23.5,68.5
59,2022-01-01 12:41:59,18.0,23.4,17.3,72.3,23.4,68.7
60,2022-01-01 13:06:27,17.9,23.3,17.1,72.4,23.2,68.9
61,2022-01-01 13:06:27,17.8,23.2,17.1,72.4,23.2,69.0
62,2022-01-01 13:51:46,17.7,23.1,16.9,72.4,23.0,69.1
0,2022-01-02 00:15:42,17.6,23.0,16.8,72.4,22.9,69.0
1,2022-01-02 00:15:42,17.5,22.9,16.8,72.5,22.8,69.1
2,2022-01-02 00:15:42,17.4,22.8,16.8,72.5,22.8,69.1
3,2022-01-02 00:15:42,17.3,22.7,16.7,72.5,22.7,69.2
4,2022-01-02 00:15:42,17.2,22.6,16.6,72.5,22.6,69.2
5,2022-01-02 00:15:42,17.2,22.6,16.6,72.6,22.6,69.3
6,2022-01-02 00:15:42,17.1,22.5,16.5,72.6,22.5,69.4
7,2022-01-02 00:15:42,17.1,22.5,16.4,72.6,22.4,69.4
8,2022-01-02 00:15:42,17.0,22.4,16.3,72.6,22.3,69.5
9,2022-01-02 00:15:42,17.0,22.3,16.3,72.6,22.3,69.4
10,2022-01-02 00:15:42,17.1,22.2,16.2,72.7,22.2,69.5
11,2022-01-02 00:15:42,17.1,22.2,16.2,72.7,22.2,69.4
12,2022-01-02 00:38:53,17.0,22.1,16.1,72.7,22.1,69.5
13,2022-01-02 00:38:53,16.9,22.0,16.0,72.7,22.0,69.6
14,2022-01-02 00:38:53,16.9,22.0,16.0,72.7,22.0,69.6
15,2022-01-02 00:38:53,16.8,21.9,15.9,72.7,21.9,69.5
16,2022-01-02 00:38:53,16.7,21.8,15.9,72.7,21.9,69.5
17,2022-01-02 00:38:53,16.7,21.8,15.8,72.7,21.8,69.5
18,2022-01-02 00:38:53,16.7,21.8,15.8,72.7,21.8,69.5
19,2022-01-02 00:38:53,15.1,20.4,15.7,72.6,21.5,70.4
20,2022-01-02 00:38:53,15.0,20.0,16.3,72.7,23.3,65.2
21,2022-01-02 00:38:53,15.0,20.1,16.5,73.1,24.0,62.8
22,2022-01-02 00:38:53,17.1,22.0,17.9,74.0,25.0,64.8
23,2022-01-02 00:38:53,16.7,21.6,18.0,74.2,24.9,66.0
24,2022-01-02 00:58:36,15.4,20.2,18.0,74.3,25.1,64.9
25,2022-01-02 00:58:36,13.8,18.6,17.9,74.5,24.8,66.0
26,2022-01-02 00:58:36,13.9,18.5,17.8,74.8,24.9,65.1
27,2022-01-02 00:58:36,15.6,20.2,17.7,75.4,24.8,65.6
28,2022-01-02 00:58:36,16.3,20.8,18.0,75.7,25.1,64.8
29,2022-01-02 00:58:36,13.9,18.3,17.3,75.9,24.9,63.3
30,2022-01-02 00:58:36,14.4,18.8,17.3,76.2,24.9,62.9
31,2022-01-02 00:58:36,16.0,20.2,17.3,76.8,24.9,62.7
32,2022-01-02 00:58:36,14.3,18.5,17.4,76.7,25.3,62.4
33,2022-01-02 00:58:36,15.2,19.4,17.4,77.1,25.0,62.7
34,2022-01-02 00:58:36,15.8,20.0,17.7,77.5,25.0,63.7
35,2022-01-02 00:58:36,14.4,18.6,17.2,77.5,25.0,62.6
36,2022-01-02 01:20:52,16.6,20.6,17.4,77.9,25.0,63.2
37,2022-01-02 01:20:52,15.5,19.5,17.6,77.9,25.2,62.9
38,2022-01-02 01:20:52,14.9,18.9,17.8,78.0,25.2,64.0
39,2022-01-02 01:20:52,14.5,18.5,17.9,78.2,25.0,64.8
40,2022-01-02 01:20:52,14.7,18.7,18.0,78.4,24.9,65.9
41,2022-01-02 01:20:52,16.0,19.8,17.8,79.0,24.9,65.0
42,2022-01-02 01:20:52,16.9,20.7,17.9,79.3,25.0,64.7
43,2022-01-02 01:20:52,16.4,20.2,17.8,79.3,25.2,64.3
44,2022-01-02 01:20:52,15.2,19.0,17.9,79.4,25.0,64.8
45,2022-01-02 01:20:52,15.2,19.0,17.7,79.5,25.0,64.3
46,2022-01-02 01:20:52,15.2,18.8,17.6,79.7,24.7,65.2
47,2022-01-02 01:20:52,15.9,19.5,17.7,79.9,25.1,64.0
48,2022-01-02 01:45:09,15.2,18.8,17.5,80.1,24.6,65.3
49,2022-01-02 01:45:09,15.0,18.6,17.6,80.1,24.9,64.5
50,2022-01-02 01:45:09,14.8,18.4,17.4,80.3,24.7,64.3
51,2022-01-02 01:45:09,15.1,18.7,17.4,80.4,24.7,64.6
52,2022-01-02 01:45:09,16.3,19.7,17.5,80.7,24.8,64.6
53,2022-01-02 01:45:09,16.3,19.7,17.6,80.9,24.7,64.8
54,2022-01-02 01:45:09,14.9,18.3,17.5,81.0,24.3,65.7
55,2022-01-02 01:45:09,14.1,17.4,16.6,81.0,22.6,69.6
0,2022-01-03 23:24:34,18.1,21.5,17.9,81.4,23.8,70.2
1,2022-01-03 23:43:58,18.6,22.1,18.0,81.4,24.3,68.5
2,2022-01-03 00:21:11,18.7,22.2,17.8,81.2,24.4,67.3
3,2022-01-03 00:21:11,18.9,22.4,17.7,81.0,24.5,66.0
4,2022-01-03 00:46:16,18.9,22.6,17.7,80.6,24.8,65.2
5,2022-01-03 00:46:16,19.0,22.7,17.7,80.3,24.8,65.0
6,2022-01-03 01:10:11,19.2,22.9,17.5,79.9,24.8,64.2
7,2022-01-03 01:10:11,19.1,23.0,17.0,79.5,24.8,62.4
8,2022-01-03 01:35:57,19.1,23.0,17.0,79.0,24.8,61.9
9,2022-01-03 01:35:57,19.1,23.2,16.8,78.6,24.9,61.5
10,2022-01-03 01:55:15,19.2,23.3,17.1,78.0,24.9,62.4
11,2022-01-03 01:55:15,19.0,23.3,17.0,77.4,24.8,62.2
12,2022-01-03 02:16:00,19.0,23.3,16.8,76.9,24.6,62.3
13,2022-01-03 02:16:00,18.1,22.6,17.2,76.4,24.8,63.0
14,2022-01-03 02:40:05,18.6,23.1,17.4,76.2,25.3,62.6
15,2022-01-03 02:40:05,14.4,18.8,17.0,75.9,24.6,63.6
16,2022-01-03 03:04:52,15.4,19.8,16.9,76.2,24.7,62.6
17,2022-01-03 03:04:52,15.8,20.2,17.1,76.6,24.9,62.3
18,2022-01-03 03:31:02,16.9,21.1,17.2,76.9,25.1,61.9
19,2022-01-03 03:31:02,14.9,19.1,17.2,76.9,25.1,62.3
20,2022-01-03 03:55:54,15.0,19.2,17.1,77.3,24.9,62.5
21,2022-01-03 03:55:54,15.3,19.5,16.6,77.6,25.0,60.5
22,2022-01-03 04:21:13,16.3,20.3,16.9,77.9,25.3,59.8
23,2022-01-03 04:21:13,15.5,19.5,16.7,78.0,25.4,59.1
24,2022-01-03 04:46:36,15.0,19.0,16.6,78.1,25.0,59.8
25,2022-01-03 04:46:36,15.4,19.4,16.8,78.2,24.9,61.1
26,2022-01-03 05:11:04,14.2,18.2,16.7,78.2,25.1,60.2
27,2022-01-03 05:11:04,15.2,19.2,16.6,78.4,25.0,60.6
28,2022-01-03 05:35:04,15.3,19.1,17.4,78.7,25.0,62.7
29,2022-01-03 05:35:04,14.8,18.6,17.5,78.8,24.8,63.9
30,2022-01-03 05:59:43,14.9,18.7,17.6,78.9,24.9,64.2
31,2022-01-03 05:59:43,15.7,19.5,17.6,79.2,24.9,64.4
32,2022-01-03 06:23:00,16.5,20.3,17.6,79.5,24.9,64.2
33,2022-01-03 06:23:00,15.9,19.7,17.7,79.6,24.8,65.0
34,2022-01-03 06:43:55,16.7,20.3,18.0,79.8,24.9,65.8
35,2022-01-03 06:43:55,16.6,20.2,18.0,80.0,25.1,65.4
36,2022-01-03 07:05:50,16.3,19.9,17.9,80.1,25.0,64.8
37,2022-01-03 07:05:50,15.4,19.0,18.0,80.1,25.1,64.8
38,2022-01-03 07:31:11,16.2,19.8,18.0,80.4,25.1,64.8
39,2022-01-03 07:31:11,16.7,20.1,17.6,80.8,24.9,64.2
40,2022-01-03 07:56:53,15.4,18.8,17.4,80.8,24.7,64.6
41,2022-01-03 07:56:53,15.6,19.0,17.7,80.8,25.1,64.3
42,2022-01-03 08:21:15,15.4,18.8,17.9,80.9,25.0,65.5
43,2022-01-03 08:21:15,16.7,20.1,18.1,81.2,25.0,66.5
44,2022-01-03 08:40:14,16.2,19.6,18.2,81.4,24.8,67.6
45,2022-01-03 08:40:14,15.4,18.8,18.1,81.4,24.7,67.6
46,2022-01-03 09:01:25,15.4,18.8,18.3,81.6,24.9,67.6
47,2022-01-03 09:01:25,15.1,18.3,18.1,81.7,24.2,69.5
0,2022-01-04 00:05:45,17.1,20.3,18.2,82.2,23.4,73.0
1,2022-01-04 00:25:06,18.5,21.8,18.6,82.3,24.0,71.8
2,2022-01-04 00:47:51,18.9,22.2,18.3,82.3,24.2,70.3
3,2022-01-04 01:06:49,19.1,22.4,18.3,82.3,24.4,69.4
4,2022-01-04 01:29:26,19.2,22.5,18.3,82.1,24.4,69.0
5,2022-01-04 01:54:32,19.2,22.5,18.1,81.9,24.4,68.4
6,2022-01-04 02:19:20,19.2,22.5,18.0,81.7,24.3,68.1
7,2022-01-04 02:38:43,19.0,22.5,18.0,81.5,24.3,67.9
8,2022-01-04 03:01:55,19.0,22.5,17.9,81.3,24.2,67.8
9,2022-01-04 03:27:28,19.0,22.5,17.6,81.1,24.2,67.0
10,2022-01-04 04:09:33,19.0,22.5,17.4,80.8,24.2,66.0
11,2022-01-04 04:35:58,18.8,22.5,17.5,80.4,24.1,67.3
12,2022-01-04 05:00:22,18.9,22.6,17.4,80.2,24.0,67.0
13,2022-01-04 05:19:05,18.9,22.6,17.4,79.9,24.0,67.2
14,2022-01-04 05:41:51,19.0,22.7,17.4,79.7,24.0,67.1
15,2022-01-04 06:02:37,18.8,22.7,17.3,79.5,23.9,66.9
16,2022-01-04 06:26:07,18.8,22.7,17.2,79.3,23.8,66.7
17,2022-01-04 06:45:48,18.8,22.7,17.0,78.8,23.8,66.5
18,2022-01-04 07:09:02,18.6,22.7,16.9,78.5,23.7,66.5
19,2022-01-04 07:28:41,19.1,23.2,18.0,78.2,24.9,66.3
20,2022-01-04 07:50:57,18.9,23.0,18.4,78.1,24.8,67.9
21,2022-01-04 08:16:23,17.4,21.5,18.3,77.9,24.7,68.6
22,2022-01-04 08:41:26,16.0,20.0,18.2,77.9,24.8,67.3
23,2022-01-04 09:06:41,15.0,19.0,18.5,78.0,24.9,67.9
24,2022-01-04 09:25:11,16.0,20.0,18.3,78.4,24.9,66.9
25,2022-01-04 09:46:58,16.0,19.8,18.5,79.0,24.9,67.7
26,2022-01-04 10:12:04,16.5,20.3,18.4,79.3,25.0,67.4
27,2022-01-04 10:33:44,14.5,18.2,18.0,79.4,24.9,66.3
28,2022-01-04 10:59:10,14.5,18.2,18.2,79.6,24.8,66.8
29,2022-01-04 11:24:16,14.8,18.4,18.1,80.0,25.0,66.6
30,2022-01-04 11:43:18,14.7,18.3,17.9,80.2,25.0,65.5
31,2022-01-04 12:04:37,14.6,18.2,17.7,80.5,25.0,64.4
32,2022-01-04 12:29:44,14.3,17.9,17.7,80.6,25.0,63.7
33,2022-01-04 12:56:13,14.7,18.0,17.3,80.8,24.9,63.0
34,2022-01-04 13:17:24,14.6,17.9,17.4,80.9,25.0,63.0
35,2022-01-04 13:41:21,14.9,18.3,17.3,81.1,24.9,63.4
36,2022-01-04 14:07:34,15.7,19.1,17.8,81.4,25.4,62.8
37,2022-01-04 14:52:53,16.8,20.2,17.9,81.5,25.3,63.8
38,2022-01-04 15:12:59,14.7,18.1,17.8,81.3,24.9,65.1
39,2022-01-04 15:37:57,13.3,16.6,17.2,81.4,25.0,62.2
40,2022-01-04 16:02:29,13.1,16.4,16.5,81.6,25.2,59.5
41,2022-01-04 16:22:09,11.8,15.1,16.2,81.5,24.0,61.9
42,2022-01-04 00:05:45,11.9,15.0,16.2,81.8,23.5,63.7
43,2022-01-04 00:25:06,11.8,14.9,16.0,82.0,23.3,64.3
44,2022-01-04 00:47:51,11.7,14.8,16.0,82.2,23.0,64.7
45,2022-01-04 01:29:26,11.6,14.7,15.7,82.4,22.7,65.5
46,2022-01-04 01:54:32,11.6,14.7,15.8,82.6,22.5,66.2
47,2022-01-04 02:19:20,11.9,14.8,15.7,82.9,22.2,67.1
48,2022-01-04 02:38:43,11.9,14.8,15.8,83.1,22.0,68.3
49,2022-01-04 03:01:55,11.8,14.7,15.5,83.4,21.7,68.3
50,2022-01-04 01:06:49,12.0,14.7,15.3,83.8,21.3,68.8
51,2022-01-04 03:27:28,11.8,14.5,15.0,84.0,21.0,69.0
52,2022-01-04 04:09:33,11.8,14.5,14.8,84.2,20.8,69.6
53,2022-01-04 04:35:58,11.8,14.5,15.1,84.3,20.8,70.3
54,2022-01-04 05:00:22,11.6,14.3,14.8,84.5,20.5,70.5
55,2022-01-04 05:19:05,11.5,14.2,15.0,84.6,20.5,71.0
56,2022-01-04 05:41:51,11.5,14.0,14.9,84.8,20.4,71.0
57,2022-01-04 06:02:37,12.7,15.2,15.3,85.1,20.8,71.4
58,2022-01-04 06:26:07,14.5,17.1,16.2,85.4,22.7,67.3
59,2022-01-04 06:45:48,14.5,17.1,16.2,85.5,23.0,66.3
60,2022-01-04 07:09:02,14.0,16.6,16.0,85.5,22.8,66.2
61,2022-01-04 07:28:41,13.8,16.4,15.9,85.5,22.6,66.2
62,2022-01-04 07:50:57,15.1,17.5,16.4,85.7,22.9,67.1
0,2022-01-05 00:11:17,14.2,16.8,16.7,85.6,22.0,72.0
1,2022-01-05 00:11:17,14.8,17.2,16.9,85.8,21.4,76.4
2,2022-01-05 00:11:17,18.3,20.8,18.0,86.0,22.1,78.1
3,2022-01-05 00:11:17,18.9,21.4,18.1,86.0,22.6,76.1
4,2022-01-05 00:11:17,19.2,21.7,18.0,86.0,22.9,73.8
5,2022-01-05 00:36:25,19.5,22.0,18.0,85.8,23.2,72.7
6,2022-01-05 00:36:25,19.4,22.1,17.9,85.6,23.3,71.8
7,2022-01-05 00:36:25,19.4,22.1,17.5,85.4,23.3,70.4
8,2022-01-05 00:36:25,19.5,22.2,17.1,85.0,23.4,68.6
9,2022-01-05 00:36:25,19.6,22.3,17.1,84.7,23.4,68.2
10,2022-01-05 01:03:37,19.4,22.3,16.9,84.4,23.5,67.3
11,2022-01-05 01:03:37,19.4,22.3,16.9,84.0,23.5,67.1
12,2022-01-05 01:03:37,19.5,22.4,16.7,83.8,23.5,66.5
13,2022-01-05 01:03:37,19.3,22.4,16.7,83.4,23.5,66.3
14,2022-01-05 01:28:16,19.4,22.5,16.7,83.1,23.5,66.0
15,2022-01-05 01:28:16,19.2,22.5,16.5,82.6,23.5,65.5
16,2022-01-05 01:28:16,19.2,22.5,16.5,82.3,23.5,65.4
17,2022-01-05 01:28:16,19.2,22.5,16.5,81.9,23.5,65.0
18,2022-01-05 01:28:16,19.0,22.5,16.5,81.6,23.5,64.8
19,2022-01-05 01:53:33,19.0,22.5,16.4,81.2,23.4,65.6
20,2022-01-05 01:53:33,19.0,22.5,16.6,80.9,23.4,66.5
21,2022-01-05 01:53:33,18.8,22.5,17.0,80.6,23.3,68.3
22,2022-01-05 01:53:33,18.2,21.9,17.1,80.5,23.2,69.4
23,2022-01-05 02:40:42,18.1,21.8,17.9,80.2,24.8,65.7
24,2022-01-05 02:40:42,16.7,20.3,17.8,80.0,24.6,66.5
25,2022-01-05 02:40:42,13.9,17.4,16.3,79.9,24.1,62.1
26,2022-01-05 02:40:42,13.9,17.4,16.4,79.9,24.2,62.1
27,2022-01-05 02:40:42,14.2,17.7,16.7,80.1,24.5,62.0
28,2022-01-05 03:21:31,14.6,18.2,17.0,80.3,24.8,62.2
29,2022-01-05 03:21:31,14.0,17.5,16.9,80.3,24.5,63.1
30,2022-01-05 03:21:31,14.7,18.3,17.1,80.6,24.7,63.2
31,2022-01-05 03:21:31,14.8,18.2,17.2,80.7,25.1,61.8
32,2022-01-05 03:21:31,13.4,16.7,17.1,80.7,24.9,61.7
33,2022-01-05 03:40:27,13.6,16.9,16.8,80.9,24.9,61.5
34,2022-01-05 03:40:27,14.3,17.6,17.0,81.2,25.1,60.9
35,2022-01-05 03:40:27,13.9,17.2,16.7,81.3,24.8,60.7
36,2022-01-05 03:40:27,13.3,16.6,16.2,81.4,24.6,60.4
37,2022-01-05 03:40:27,13.1,16.4,16.3,81.6,24.7,59.7
38,2022-01-05 04:02:36,12.2,15.5,16.2,81.5,24.8,59.3
39,2022-01-05 04:02:36,13.5,16.6,16.7,81.8,25.1,60.4
40,2022-01-05 04:02:36,14.7,17.9,17.1,82.1,24.9,61.8
41,2022-01-05 04:02:36,14.0,17.1,16.7,82.4,24.8,60.7
42,2022-01-05 04:02:36,13.5,16.6,16.3,82.5,24.7,60.6
43,2022-01-05 04:27:16,13.2,16.3,16.6,82.5,24.7,60.9
44,2022-01-05 04:27:16,13.7,16.6,17.0,82.7,24.8,61.8
45,2022-01-05 04:27:16,14.3,17.2,17.1,82.9,25.2,61.1
46,2022-01-05 04:27:16,15.3,18.3,16.9,83.2,25.0,61.6
47,2022-01-05 04:27:16,14.4,17.4,16.6,83.2,24.7,61.6
48,2022-01-05 04:47:10,13.8,16.7,16.9,83.2,25.0,60.9
49,2022-01-05 04:47:10,15.2,18.2,16.8,83.5,24.9,60.9
50,2022-01-05 04:47:10,15.2,18.2,16.5,83.6,24.9,60.1
51,2022-01-05 04:47:10,12.9,15.8,16.3,83.3,24.7,59.8
52,2022-01-05 04:47:10,14.7,17.5,16.3,83.7,23.8,62.9
53,2022-01-05 05:09:07,15.2,18.0,16.3,83.7,24.7,60.6
54,2022-01-05 05:09:07,15.5,18.3,17.0,83.7,24.8,61.8
55,2022-01-05 05:09:07,14.2,17.1,16.9,83.5,24.7,61.7
56,2022-01-05 05:09:07,16.2,19.0,17.1,83.7,24.9,61.8
57,2022-01-05 05:09:07,16.0,18.8,17.0,83.7,24.8,62.0
58,2022-01-05 05:28:20,15.8,18.6,17.0,83.7,24.8,62.6
59,2022-01-05 05:28:20,15.7,18.5,17.3,83.7,24.6,63.9
60,2022-01-05 05:28:20,15.6,18.4,17.2,83.7,24.8,62.9
61,2022-01-05 05:28:20,15.5,18.3,16.9,83.7,24.7,62.6
62,2022-01-05 05:28:20,15.6,18.4,17.1,83.7,24.7,62.8
63,2022-01-05 05:49:41,15.7,18.5,17.1,83.7,24.7,63.2
64,2022-01-05 05:49:41,16.8,19.6,17.8,83.8,24.6,66.0
0,2022-01-06 00:23:33,15.2,18.0,17.6,83.8,23.2,71.2
1,2022-01-06 00:47:07,19.0,21.9,18.4,84.1,23.6,73.6
2,2022-01-06 00:01:02,19.6,22.5,18.6,84.1,23.8,73.1
3,2022-01-06 01:30:49,19.8,22.7,18.4,84.0,24.0,71.3
4,2022-01-06 01:51:01,19.9,22.8,18.3,83.8,24.2,70.6
5,2022-01-06 07:25:11,19.8,22.9,18.5,83.6,24.1,70.8
6,2022-01-06 07:50:34,19.7,22.8,18.2,83.4,24.1,70.3
7,2022-01-06 08:14:07,19.7,22.8,18.2,83.2,24.1,69.7
8,2022-01-06 08:37:48,19.7,22.8,17.8,82.9,24.1,67.9
9,2022-01-06 09:01:46,19.6,22.9,17.5,82.6,24.1,67.4
10,2022-01-06 09:25:19,19.6,22.9,17.5,82.4,24.1,67.3
11,2022-01-06 09:49:38,19.5,23.0,17.5,81.4,24.1,67.0
12,2022-01-06 10:08:30,19.5,23.0,17.5,81.2,24.1,66.7
13,2022-01-06 10:31:12,19.5,23.0,17.3,80.9,24.1,66.3
14,2022-01-06 10:53:52,19.3,23.0,17.2,80.5,24.0,65.9
15,2022-01-06 11:17:29,19.4,23.1,17.2,80.3,24.0,65.7
16,2022-01-06 11:42:16,19.5,23.2,17.2,79.9,24.0,66.0
17,2022-01-06 12:06:54,19.4,23.3,17.4,79.4,24.0,67.6
18,2022-01-06 12:32:03,19.4,23.3,17.3,79.2,23.9,67.5
19,2022-01-06 12:53:58,17.7,21.5,17.5,78.8,24.1,67.1
20,2022-01-06 13:15:50,14.0,17.9,16.3,78.5,24.1,62.6
21,2022-01-06 13:38:08,13.8,17.5,16.2,78.7,24.0,62.4
22,2022-01-06 14:02:02,13.8,17.5,16.3,78.8,24.1,62.5
23,2022-01-06 14:27:46,14.0,17.7,16.6,79.0,24.4,62.6
24,2022-01-06 14:51:49,14.4,18.1,17.2,79.2,24.8,62.9
25,2022-01-06 15:16:28,14.3,18.0,17.1,79.4,24.7,63.3
26,2022-01-06 15:40:00,14.5,18.1,17.2,79.7,24.8,63.4
27,2022-01-06 16:04:53,14.1,17.6,17.4,79.8,25.0,62.7
28,2022-01-06 16:29:08,13.4,16.9,16.8,79.9,24.6,62.3
29,2022-01-06 16:55:16,14.2,17.7,17.1,80.3,24.9,61.8
30,2022-01-06 17:20:29,14.2,17.7,17.2,80.5,24.8,62.8
31,2022-01-06 17:44:25,13.1,16.6,17.1,80.5,24.7,62.9
32,2022-01-06 18:09:04,14.9,18.3,17.2,81.0,25.0,62.0
33,2022-01-06 18:33:42,14.3,17.6,17.0,81.1,24.8,61.7
34,2022-01-06 18:58:53,14.5,17.8,17.0,81.3,24.8,62.5
35,2022-01-06 19:23:12,14.5,17.8,17.3,81.5,24.9,62.9
36,2022-01-06 19:46:19,13.4,16.7,17.5,81.5,24.8,63.7
37,2022-01-06 20:50:55,14.9,18.1,17.2,81.8,25.0,62.1
38,2022-01-06 21:13:50,14.0,17.1,17.0,81.9,24.6,62.7
39,2022-01-06 21:39:21,13.5,16.6,17.1,81.9,24.7,63.2
40,2022-01-06 22:24:59,13.8,16.9,17.3,82.1,24.6,64.1
41,2022-01-06 22:45:20,14.7,17.9,17.7,82.3,25.1,64.1
42,2022-01-06 23:09:26,15.8,19.0,17.9,82.6,25.0,64.8
43,2022-01-06 23:32:19,15.4,18.4,17.3,82.7,24.9,63.5
44,2022-01-06 00:01:02,15.0,18.0,17.4,82.8,24.7,64.6
45,2022-01-06 00:01:02,14.8,17.8,17.4,82.8,25.0,63.6
46,2022-01-06 00:23:33,14.8,17.8,17.2,83.0,24.5,64.3
47,2022-01-06 00:23:33,15.7,18.7,17.6,83.2,24.9,64.2
48,2022-01-06 00:47:07,16.0,19.0,17.6,83.3,24.9,63.9
49,2022-01-06 00:47:07,15.9,18.9,17.5,83.4,24.8,63.9
50,2022-01-06 01:30:49,15.7,18.7,17.4,83.4,24.7,63.9
51,2022-01-06 01:30:49,15.3,18.3,17.3,83.4,24.6,64.0
52,2022-01-06 01:51:01,15.5,18.5,17.5,83.4,24.8,64.2
53,2022-01-06 01:51:01,15.4,18.4,17.4,83.5,24.5,65.0
54,2022-01-06 07:25:11,15.9,18.9,17.7,83.5,24.8,65.2
55,2022-01-06 07:25:11,16.1,19.1,17.7,83.6,24.8,65.4
56,2022-01-06 07:50:34,16.1,19.1,17.8,83.6,24.9,65.5
57,2022-01-06 07:50:34,16.2,19.2,18.0,83.6,24.9,65.8
58,2022-01-06 08:14:07,16.4,19.4,18.0,83.6,24.9,66.1
59,2022-01-06 08:14:07,16.7,19.5,18.0,83.7,24.9,66.4
60,2022-01-06 08:37:48,16.0,19.0,17.6,83.6,24.7,65.6
61,2022-01-06 08:37:48,16.7,19.5,17.9,83.7,24.8,66.3
62,2022-01-06 09:01:46,14.7,17.7,17.9,83.6,23.1,72.9
0,2022-01-07 00:13:00,15.8,18.6,18.2,84.2,22.1,78.7
1,2022-01-07 00:13:00,16.3,19.1,18.2,84.5,22.1,78.9
2,2022-01-07 00:13:00,18.9,21.6,18.4,84.7,22.5,78.2
3,2022-01-07 00:13:00,19.5,22.2,18.4,84.8,22.9,76.3
4,2022-01-07 00:13:00,19.8,22.7,18.2,84.5,23.4,72.8
5,2022-01-07 00:13:00,19.8,22.7,17.9,84.2,23.5,71.0
6,2022-01-07 00:13:00,19.9,22.8,17.5,83.9,23.6,69.2
7,2022-01-07 00:13:00,19.8,22.9,17.4,83.5,23.7,68.6
8,2022-01-07 00:13:00,19.8,22.9,17.1,83.3,23.7,67.3
9,2022-01-07 00:13:00,19.8,22.9,17.1,82.9,23.7,66.9
10,2022-01-07 00:13:00,19.7,23.0,17.0,82.5,23.8,66.4
11,2022-01-07 00:38:02,19.7,23.0,17.0,81.7,23.8,66.1
12,2022-01-07 00:38:02,19.6,23.1,16.8,81.3,23.8,65.4
13,2022-01-07 00:38:02,19.6,23.1,16.8,80.9,23.8,65.6
14,2022-01-07 00:38:02,19.4,23.1,16.8,80.5,23.8,65.4
15,2022-01-07 00:38:02,19.4,23.1,16.9,80.1,23.9,64.9
16,2022-01-07 00:38:02,19.4,23.1,16.8,79.8,23.8,65.3
17,2022-01-07 00:38:02,19.2,23.1,16.8,79.4,23.8,65.4
18,2022-01-07 00:38:02,17.0,20.8,16.8,78.8,23.3,67.1
19,2022-01-07 00:38:02,14.3,18.3,16.8,78.6,23.8,65.0
20,2022-01-07 00:38:02,14.8,18.6,17.0,78.8,24.1,65.1
21,2022-01-07 00:38:02,14.9,18.7,17.1,78.9,24.2,65.1
22,2022-01-07 01:01:23,14.9,18.7,17.2,79.0,24.3,64.7
23,2022-01-07 01:01:23,14.6,18.3,17.5,79.6,24.8,63.9
24,2022-01-07 01:01:23,14.6,18.2,17.4,79.7,24.7,64.6
25,2022-01-07 01:01:23,15.2,18.8,17.6,80.0,24.9,63.8
26,2022-01-07 01:01:23,13.6,17.1,17.1,80.1,24.7,62.9
27,2022-01-07 01:01:23,13.1,16.6,17.3,80.1,24.9,62.7
28,2022-01-07 01:01:23,14.3,17.9,17.4,80.5,25.0,63.2
29,2022-01-07 01:01:23,14.6,17.9,17.5,80.8,25.1,63.1
30,2022-01-07 01:01:23,14.1,17.4,17.1,81.0,24.7,62.8
31,2022-01-07 01:01:23,14.1,17.4,17.2,81.1,24.8,62.9
32,2022-01-07 01:01:23,14.6,17.9,17.1,81.4,24.9,62.3
33,2022-01-07 01:26:53,14.4,17.7,17.0,81.6,24.8,62.2
34,2022-01-07 01:26:53,12.8,16.1,16.8,81.6,24.6,61.7
35,2022-01-07 01:26:53,14.0,17.1,17.0,81.8,25.1,61.4
36,2022-01-07 01:26:53,14.5,17.7,17.2,82.0,25.0,62.1
37,2022-01-07 01:26:53,14.8,18.0,17.2,82.3,25.0,62.0
38,2022-01-07 01:26:53,14.4,17.6,17.0,82.3,24.8,61.8
39,2022-01-07 01:26:53,13.1,16.2,16.7,82.2,24.8,61.3
40,2022-01-07 01:26:53,13.2,16.3,16.9,82.4,24.7,62.2
41,2022-01-07 01:26:53,14.1,17.3,17.1,82.6,25.2,61.5
42,2022-01-07 01:26:53,14.3,17.3,16.8,82.8,24.6,62.2
43,2022-01-07 01:26:53,13.9,16.8,16.7,82.8,24.8,61.4
44,2022-01-07 01:51:46,15.3,18.3,16.9,83.1,25.0,60.9
45,2022-01-07 01:51:46,14.5,17.5,16.9,83.1,24.7,61.7
46,2022-01-07 01:51:46,15.1,18.1,16.9,83.2,25.0,60.9
47,2022-01-07 01:51:46,14.9,17.9,17.0,83.2,24.8,62.2
48,2022-01-07 01:51:46,15.3,18.3,17.1,83.3,24.9,62.0
49,2022-01-07 01:51:46,14.4,17.4,16.8,83.3,24.6,62.3
50,2022-01-07 01:51:46,15.1,18.1,16.9,83.4,24.7,62.4
51,2022-01-07 01:51:46,15.3,18.3,17.1,83.5,24.7,63.5
52,2022-01-07 01:51:46,15.2,18.2,17.2,83.5,24.8,62.9
53,2022-01-07 01:51:46,15.8,18.8,17.2,83.6,24.8,63.4
54,2022-01-07 01:51:46,15.9,18.7,17.2,83.7,24.8,63.6
55,2022-01-07 02:39:54,16.0,18.8,17.4,83.7,25.0,63.4
56,2022-01-07 02:39:54,15.9,18.7,17.6,83.7,24.9,63.8
57,2022-01-07 02:39:54,15.8,18.6,17.5,83.8,24.8,64.5
58,2022-01-07 02:39:54,15.7,18.5,17.4,83.8,24.7,63.8
59,2022-01-07 02:39:54,15.5,18.3,17.3,83.8,24.6,64.2
60,2022-01-07 02:39:54,15.8,18.6,17.3,83.9,24.9,63.4
61,2022-01-07 02:39:54,15.6,18.4,17.3,83.9,24.6,64.2
62,2022-01-07 02:39:54,15.5,18.3,17.5,83.9,24.8,64.4
0,2022-01-08 00:00:02,16.4,19.2,18.0,84.2,22.9,74.0
1,2022-01-08 00:26:19,18.9,21.8,18.9,84.4,23.6,74.7
2,2022-01-08 00:51:10,19.4,22.3,18.4,84.4,23.8,72.2
3,2022-01-08 01:12:05,19.6,22.5,18.1,84.3,24.0,70.3
4,2022-01-08 02:01:00,19.7,22.6,18.0,84.1,24.1,69.0
5,2022-01-08 02:19:35,19.8,22.7,18.5,83.7,24.1,71.0
6,2022-01-08 02:42:16,19.6,22.7,17.9,83.5,24.0,69.4
7,2022-01-08 03:04:09,19.5,22.6,17.8,83.2,23.9,68.7
8,2022-01-08 03:27:56,19.5,22.6,17.5,83.0,23.8,68.4
9,2022-01-08 04:16:57,19.2,22.5,17.5,82.6,23.8,67.9
10,2022-01-08 04:59:54,19.2,22.5,17.4,82.4,23.7,67.9
11,2022-01-08 05:38:50,19.2,22.5,17.3,82.1,23.6,67.7
12,2022-01-08 05:20:14,19.2,22.5,17.3,81.8,23.6,67.7
13,2022-01-08 06:01:46,19.0,22.5,17.3,81.5,23.6,67.7
14,2022-01-08 06:24:05,19.0,22.5,17.2,81.2,23.5,67.9
15,2022-01-08 06:48:24,19.1,22.6,16.9,81.0,23.5,67.4
16,2022-01-08 07:13:18,19.2,22.7,16.8,80.7,23.6,66.3
17,2022-01-08 07:38:09,19.1,22.8,16.9,80.4,23.7,66.3
18,2022-01-08 08:01:33,19.3,23.0,17.2,80.2,23.8,66.8
19,2022-01-08 08:27:11,19.2,22.9,17.4,79.9,23.7,68.3
20,2022-01-08 08:53:09,19.2,22.9,17.5,79.7,23.6,69.0
21,2022-01-08 09:16:56,18.8,22.7,17.5,79.3,23.4,69.9
22,2022-01-08 09:41:20,18.7,22.6,17.5,79.2,23.3,70.4
23,2022-01-08 09:59:54,18.9,22.8,18.0,79.0,23.4,71.7
24,2022-01-08 10:21:13,19.0,22.9,18.1,78.9,23.5,72.0
25,2022-01-08 10:45:38,19.2,23.1,18.3,78.8,23.7,72.1
26,2022-01-08 11:11:29,19.4,23.3,18.3,78.8,23.9,71.0
27,2022-01-08 00:00:02,19.5,23.4,18.2,78.7,24.1,69.7
28,2022-01-08 00:26:19,19.5,23.6,18.1,78.6,24.4,68.1
29,2022-01-08 00:51:10,19.7,23.8,17.8,78.4,24.6,66.2
30,2022-01-08 01:12:05,19.9,24.0,17.7,78.2,24.8,65.3
31,2022-01-08 02:01:00,20.1,24.2,17.6,77.9,24.9,64.3
32,2022-01-08 02:19:35,20.0,24.3,17.4,77.6,25.0,63.6
33,2022-01-08 02:42:16,20.1,24.4,17.5,77.3,25.1,63.1
34,2022-01-08 03:04:09,20.1,24.5,17.6,76.9,25.2,63.1
35,2022-01-08 03:27:56,20.0,24.6,17.6,76.6,25.2,62.9
36,2022-01-08 04:16:57,19.9,24.5,17.5,76.2,25.1,62.9
37,2022-01-08 04:59:54,20.0,24.6,17.6,75.9,25.2,62.7
38,2022-01-08 05:20:14,19.9,24.7,17.4,75.6,25.3,62.4
39,2022-01-08 05:38:50,20.1,24.9,17.6,75.2,25.5,62.0
40,2022-01-08 06:01:46,20.3,25.1,17.4,74.9,25.6,61.5
41,2022-01-08 06:48:24,20.1,25.1,17.4,74.6,25.6,61.1
42,2022-01-08 06:24:05,20.2,25.2,17.4,74.2,25.6,60.9
43,2022-01-08 07:13:18,20.2,25.2,17.4,73.8,25.6,61.2
44,2022-01-08 07:38:09,19.9,25.2,17.4,73.5,25.6,61.0
45,2022-01-08 08:01:33,19.9,25.2,17.4,73.2,25.6,61.2
46,2022-01-08 08:27:11,19.9,25.2,17.3,72.9,25.5,61.6
47,2022-01-08 08:53:09,19.6,25.1,17.5,72.6,25.4,62.0
48,2022-01-08 09:16:56,19.5,25.0,17.4,72.4,25.3,62.5
49,2022-01-08 09:41:20,19.3,24.8,17.5,72.0,25.1,63.1
50,2022-01-08 09:59:54,19.3,24.8,17.4,71.9,25.0,63.3
51,2022-01-08 10:21:13,18.9,24.6,17.5,71.6,24.8,64.3
52,2022-01-08 10:45:38,18.8,24.5,17.9,71.5,24.7,66.1
53,2022-01-08 11:11:29,18.6,24.2,18.1,71.6,24.4,68.5
54,2022-01-08 00:00:02,18.6,24.2,18.2,71.6,24.3,68.9
55,2022-01-08 00:00:02,18.7,24.1,18.1,71.7,24.2,69.3
56,2022-01-08 00:26:19,18.6,24.0,18.0,71.9,24.1,69.5
57,2022-01-08 00:26:19,18.5,23.9,18.0,71.9,24.1,69.6
58,2022-01-08 00:51:10,18.5,23.9,18.1,72.0,24.0,69.7
59,2022-01-08 00:51:10,18.4,23.8,18.0,72.1,23.9,69.9
60,2022-01-08 01:12:05,18.3,23.7,17.9,72.2,23.8,70.0
61,2022-01-08 01:12:05,18.2,23.6,17.8,72.3,23.7,70.0
0,2022-01-09 00:12:43,18.2,23.6,17.8,72.3,23.7,69.8
1,2022-01-09 00:34:15,18.1,23.5,17.4,72.4,23.5,69.5
2,2022-01-09 00:53:13,18.1,23.5,17.4,72.4,23.5,69.3
3,2022-01-09 01:44:55,18.0,23.4,17.4,72.4,23.5,69.2
4,2022-01-09 02:06:03,17.8,23.2,17.2,72.4,23.3,69.1
5,2022-01-09 02:27:04,17.8,23.2,17.2,72.4,23.3,69.1
6,2022-01-09 02:47:48,17.8,23.2,17.1,72.4,23.2,69.1
7,2022-01-09 03:08:57,17.7,23.1,17.1,72.5,23.2,69.2
8,2022-01-09 03:29:36,17.7,23.1,17.0,72.4,23.1,69.1
9,2022-01-09 03:50:07,17.7,23.1,17.0,72.4,23.1,69.3
10,2022-01-09 04:09:12,17.6,23.0,17.0,72.5,23.1,69.5
11,2022-01-09 04:29:45,17.6,23.0,17.0,72.5,23.1,69.5
12,2022-01-09 04:50:07,17.6,23.0,17.2,72.5,23.0,69.7
13,2022-01-09 05:11:27,17.5,22.9,16.9,72.5,23.0,69.6
14,2022-01-09 05:31:45,17.3,22.7,16.8,72.5,22.8,69.0
15,2022-01-09 05:51:24,17.2,22.6,16.4,72.5,22.7,68.5
16,2022-01-09 06:13:40,17.1,22.5,16.3,72.4,22.6,68.0
17,2022-01-09 06:34:17,17.1,22.5,16.0,72.4,22.5,67.5
18,2022-01-09 06:55:29,17.0,22.4,15.7,72.3,22.4,66.6
19,2022-01-09 07:15:31,15.4,20.7,15.6,72.0,22.3,66.5
20,2022-01-09 07:35:17,8.9,14.1,14.5,71.3,20.4,69.2
21,2022-01-09 07:55:29,8.6,13.8,14.3,71.6,19.5,71.9
22,2022-01-09 08:17:39,9.0,14.0,14.1,72.5,19.1,73.1
23,2022-01-09 08:38:18,8.7,13.5,13.9,73.2,18.9,72.9
24,2022-01-09 08:58:46,8.7,13.3,13.8,74.0,18.8,73.1
25,2022-01-09 09:18:31,8.9,13.3,13.9,74.9,18.9,73.5
26,2022-01-09 09:38:13,9.5,13.5,14.4,76.7,19.2,73.9
27,2022-01-09 09:58:13,9.3,13.3,14.0,77.3,19.2,71.8
28,2022-01-09 10:18:19,9.4,13.2,13.9,77.9,19.3,71.6
29,2022-01-09 10:38:41,9.7,13.5,14.1,78.5,19.5,71.4
30,2022-01-09 10:58:49,10.2,13.8,14.1,79.1,19.8,70.4
31,2022-01-09 11:19:44,11.7,15.2,14.7,79.7,20.2,71.2
32,2022-01-09 11:39:56,11.4,14.9,14.7,80.0,20.4,69.8
33,2022-01-09 12:00:29,11.5,15.0,14.7,80.3,20.6,68.9
34,2022-01-09 12:20:25,11.8,15.3,14.6,80.4,20.8,68.1
35,2022-01-09 12:41:18,12.8,16.1,14.8,80.7,21.2,66.8
36,2022-01-09 13:02:30,12.7,16.0,14.7,80.7,21.4,66.1
37,2022-01-09 13:22:25,12.4,15.7,14.9,80.7,21.8,65.1
38,2022-01-09 13:43:22,12.5,15.8,14.9,80.8,21.8,65.4
39,2022-01-09 14:04:02,12.6,15.9,15.1,80.9,21.8,65.9
40,2022-01-09 14:23:50,13.1,16.4,15.0,81.1,21.7,66.6
41,2022-01-09 15:04:15,12.9,16.2,15.2,81.2,21.7,67.3
42,2022-01-09 15:26:18,12.7,16.0,15.5,81.3,21.7,68.6
43,2022-01-09 14:43:19,12.6,15.9,15.7,81.5,21.7,68.7
44,2022-01-09 15:47:31,12.4,15.7,15.4,81.6,21.6,68.1
45,2022-01-09 16:08:08,12.5,15.6,15.4,81.7,21.4,69.0
46,2022-01-09 16:29:17,12.5,15.6,15.4,82.0,21.2,69.7
47,2022-01-09 16:49:29,12.3,15.4,15.2,82.2,20.9,69.8
48,2022-01-09 17:11:31,12.3,15.4,15.2,82.3,20.7,70.8
49,2022-01-09 17:31:13,12.4,15.5,15.0,82.6,20.3,71.7
50,2022-01-09 17:51:34,12.6,15.5,14.8,82.8,20.1,71.8
51,2022-01-09 18:11:45,12.6,15.5,14.9,83.0,19.9,72.7
52,2022-01-09 18:31:40,12.6,15.5,14.7,83.1,19.7,73.2
53,2022-01-09 18:55:16,12.3,15.2,14.6,83.2,19.6,73.4
54,2022-01-09 19:15:18,15.8,18.8,15.2,83.5,21.7,67.4
55,2022-01-09 19:36:46,16.4,19.4,15.4,83.3,22.9,63.1
56,2022-01-09 20:00:45,16.9,19.9,15.5,82.8,23.5,61.2
57,2022-01-09 20:21:32,16.8,20.0,15.6,82.3,23.9,60.0
58,2022-01-09 20:41:11,16.7,19.9,15.5,81.8,24.1,59.1
59,2022-01-09 21:21:17,16.4,19.8,15.3,81.3,24.2,58.2
60,2022-01-09 21:01:16,16.7,20.1,15.2,80.9,24.3,57.4
61,2022-01-09 21:42:32,16.8,20.4,15.3,80.5,24.4,56.9
62,2022-01-09 22:03:11,16.0,19.8,15.0,79.4,24.4,56.2
0,2022-01-10 13:31:01,16.9,20.9,14.1,78.6,22.6,59.0
1,2022-01-10 13:31:01,16.8,20.8,13.8,78.1,22.3,59.1
2,2022-01-10 13:31:01,16.5,20.7,14.0,77.6,22.2,59.8
3,2022-01-10 13:31:01,16.4,20.6,13.8,77.2,22.0,60.3
4,2022-01-10 13:43:55,16.3,20.5,13.5,76.8,21.9,59.5
5,2022-01-10 13:31:01,16.0,20.4,13.4,76.3,21.8,59.4
6,2022-01-10 13:31:01,15.9,20.3,13.2,76.0,21.6,58.8
7,2022-01-10 13:31:01,15.7,20.3,12.8,75.6,21.5,58.5
8,2022-01-10 13:31:01,15.6,20.2,12.7,75.2,21.4,58.0
9,2022-01-10 13:31:01,15.5,20.1,12.6,74.7,21.3,57.7
10,2022-01-10 13:31:01,15.3,20.1,12.5,74.3,21.2,57.7
11,2022-01-10 13:31:01,15.2,20.0,12.1,74.0,21.0,57.6
12,2022-01-10 13:31:01,14.9,19.9,12.0,73.6,20.9,57.4
13,2022-01-10 13:31:01,14.9,19.9,11.9,73.2,20.8,57.1
14,2022-01-10 13:43:55,14.8,19.8,11.7,72.9,20.6,57.0
15,2022-01-10 13:43:55,14.6,19.8,11.7,72.3,20.6,57.3
16,2022-01-10 13:43:55,14.5,19.7,11.5,71.9,20.4,57.2
17,2022-01-10 13:43:55,14.2,19.7,11.5,71.6,20.4,57.5
18,2022-01-10 13:43:55,14.2,19.6,11.4,71.4,20.3,57.4
19,2022-01-10 13:43:55,14.2,19.6,11.3,71.1,20.2,57.1
20,2022-01-10 13:43:55,11.0,16.6,10.9,70.5,19.4,58.1
21,2022-01-10 13:43:55,9.0,14.5,10.7,70.3,18.4,61.3
22,2022-01-10 13:43:55,8.6,14.0,11.0,70.4,18.0,64.4
23,2022-01-10 13:43:55,8.7,13.9,11.6,70.7,18.1,66.5
24,2022-01-10 13:43:55,8.6,13.8,12.2,71.1,18.0,68.7
25,2022-01-10 13:43:55,8.7,13.9,12.3,71.5,17.9,70.1
26,2022-01-10 13:57:01,8.9,13.9,12.6,72.0,18.0,71.5
27,2022-01-10 13:57:01,9.0,14.0,13.1,72.6,18.3,72.1
28,2022-01-10 13:57:01,9.4,14.2,13.1,73.1,18.5,71.1
29,2022-01-10 13:57:01,9.6,14.4,13.3,73.6,18.7,71.0
30,2022-01-10 13:57:01,10.0,14.6,13.6,74.1,19.0,70.8
31,2022-01-10 13:57:01,10.3,14.9,13.6,74.6,19.3,70.2
32,2022-01-10 13:57:01,10.7,15.1,13.7,75.0,19.6,68.8
33,2022-01-10 13:57:01,11.0,15.5,13.5,75.3,19.9,67.3
34,2022-01-10 13:57:01,11.4,15.7,13.8,75.7,20.2,66.7
35,2022-01-10 13:57:01,11.5,15.8,14.3,76.0,20.5,67.8
36,2022-01-10 13:57:01,11.6,15.9,14.1,76.3,20.7,65.9
37,2022-01-10 13:57:01,11.7,16.0,13.8,76.5,20.9,63.9
38,2022-01-10 13:57:01,12.1,16.2,13.8,76.7,21.2,62.7
39,2022-01-10 15:10:21,12.1,16.2,13.8,76.8,21.4,61.9
40,2022-01-10 15:10:21,12.3,16.4,13.6,77.0,21.5,61.6
41,2022-01-10 15:10:21,12.3,16.4,13.7,77.0,21.6,61.4
42,2022-01-10 15:10:21,12.4,16.5,13.9,77.1,21.8,61.1
43,2022-01-10 15:10:21,12.4,16.5,14.0,77.2,21.9,61.3
44,2022-01-10 15:10:21,12.5,16.6,14.4,77.3,22.1,62.0
45,2022-01-10 15:10:21,15.6,19.6,15.2,77.7,23.2,60.8
46,2022-01-10 15:10:21,14.3,18.5,15.2,77.4,24.6,56.2
47,2022-01-10 15:10:21,14.8,19.0,15.3,77.3,25.1,55.3
48,2022-01-10 15:10:21,15.3,19.5,15.3,77.3,24.7,56.2
49,2022-01-10 15:10:21,14.8,19.0,15.2,77.1,24.6,55.8
50,2022-01-10 15:10:21,14.2,18.3,14.8,76.8,24.8,54.5
51,2022-01-10 15:10:21,15.6,19.8,15.1,76.9,24.8,55.6
52,2022-01-10 15:21:11,14.4,18.8,15.2,76.6,24.6,55.8
53,2022-01-10 15:21:11,15.8,20.2,15.5,76.6,25.0,55.8
54,2022-01-10 15:21:11,16.0,20.4,15.1,76.3,24.8,55.2
55,2022-01-10 15:21:11,16.3,20.8,15.1,76.2,24.8,54.9
56,2022-01-10 15:32:40,15.5,19.9,15.0,75.8,25.0,54.3
57,2022-01-10 15:32:40,16.3,20.8,14.9,75.8,24.9,54.3
58,2022-01-10 15:32:40,15.9,20.5,14.8,75.6,24.8,54.3
59,2022-01-10 15:32:40,15.6,20.2,15.1,75.3,24.8,55.6
60,2022-01-10 15:32:40,15.5,20.1,15.5,75.2,24.7,57.6
61,2022-01-10 15:32:40,15.3,19.9,16.1,75.1,24.7,58.8
62,2022-01-10 15:32:40,15.2,19.8,16.0,75.0,24.6,58.9
63,2022-01-10 15:21:11,14.9,19.5,15.9,75.0,24.5,58.9
64,2022-01-10 15:21:11,14.4,19.0,15.7,74.8,24.6,58.3
65,2022-01-10 15:21:11,16.0,20.6,15.8,75.0,25.0,57.5
66,2022-01-10 15:21:11,16.3,21.0,15.7,75.0,24.9,57.0
0,2022-01-11 15:18:16,16.9,21.6,15.0,74.7,23.6,59.0
1,2022-01-11 15:18:16,16.6,21.5,15.1,74.5,23.4,60.1
2,2022-01-11 15:18:16,16.5,21.4,15.0,74.3,23.3,60.0
3,2022-01-11 15:18:16,16.4,21.3,14.9,74.1,23.2,59.9
4,2022-01-11 15:18:16,16.4,21.3,14.7,73.8,23.0,59.8
5,2022-01-11 15:18:16,16.3,21.2,14.6,73.7,22.9,59.9
6,2022-01-11 15:18:16,16.1,21.2,14.6,73.4,22.9,59.8
7,2022-01-11 15:18:16,16.1,21.2,14.3,73.2,22.8,59.6
8,2022-01-11 15:18:16,16.2,21.3,14.3,73.0,22.8,59.6
9,2022-01-11 15:18:16,16.2,21.3,14.3,72.8,22.8,58.9
10,2022-01-11 15:18:16,16.0,21.3,14.2,72.6,22.7,58.9
11,2022-01-11 15:18:16,15.9,21.2,14.1,72.4,22.6,59.1
12,2022-01-11 15:18:16,16.0,21.3,14.0,72.0,22.5,59.2
13,2022-01-11 15:18:16,16.0,21.3,14.0,71.8,22.5,59.0
14,2022-01-11 15:18:16,15.8,21.3,13.9,71.5,22.4,58.9
15,2022-01-11 15:18:16,15.8,21.3,13.9,71.3,22.4,59.1
16,2022-01-11 15:18:16,15.8,21.3,13.8,71.1,22.3,59.1
17,2022-01-11 15:18:16,15.7,21.2,13.8,70.9,22.3,58.9
18,2022-01-11 13:09:53,15.7,21.2,13.7,70.7,22.2,59.1
19,2022-01-11 19:15:14,15.4,21.2,13.7,70.6,22.2,59.2
20,2022-01-11 13:09:53,11.2,16.8,13.3,69.9,21.2,61.3
21,2022-01-11 19:15:14,11.1,16.7,13.3,70.0,20.4,64.0
22,2022-01-11 13:09:53,11.1,16.7,13.3,70.3,20.2,64.7
23,2022-01-11 19:15:14,14.0,19.4,14.6,71.0,22.8,59.9
24,2022-01-11 13:09:53,14.7,20.2,15.1,71.2,23.7,58.9
25,2022-01-11 19:15:14,15.0,20.5,15.4,71.3,24.3,58.4
26,2022-01-11 13:09:53,15.3,20.8,15.8,71.5,24.7,58.2
27,2022-01-11 13:09:53,14.2,19.7,15.7,71.5,24.6,58.5
28,2022-01-11 13:09:53,14.1,19.5,16.0,71.6,24.9,57.9
29,2022-01-11 13:09:53,15.2,20.5,16.3,71.9,24.9,58.9
30,2022-01-11 13:09:53,14.5,19.7,16.3,72.0,24.7,60.0
31,2022-01-11 13:09:53,13.2,18.4,16.4,72.1,24.8,60.5
32,2022-01-11 13:09:53,13.4,18.6,16.6,72.4,25.0,60.2
33,2022-01-11 13:09:53,13.3,18.3,16.9,72.7,25.0,60.7
34,2022-01-11 13:09:53,13.3,18.3,16.8,73.1,24.9,61.1
35,2022-01-11 13:09:53,13.5,18.5,17.1,73.5,25.2,60.8
36,2022-01-11 19:15:14,13.3,18.0,16.7,73.8,25.1,60.6
37,2022-01-11 19:15:14,13.5,18.3,16.8,74.2,25.2,60.0
38,2022-01-11 19:15:14,13.8,18.6,16.8,74.5,25.2,60.3
39,2022-01-11 19:15:14,14.3,18.9,16.8,74.9,25.2,60.0
40,2022-01-11 19:15:14,14.0,18.6,16.5,75.1,24.9,60.3
41,2022-01-11 19:15:14,13.9,18.5,16.3,75.3,24.9,59.1
42,2022-01-11 19:15:14,13.2,17.7,16.0,75.3,24.9,57.8
43,2022-01-11 19:15:14,13.5,18.0,15.6,75.4,24.8,57.5
44,2022-01-11 19:15:14,13.8,18.4,15.8,75.5,25.0,57.4
45,2022-01-11 19:15:14,13.5,18.0,16.4,75.6,24.8,60.3
46,2022-01-11 13:09:53,13.8,18.2,16.8,75.7,24.9,60.8
47,2022-01-11 19:15:14,14.1,18.5,16.6,75.9,25.0,60.4
48,2022-01-11 13:09:53,15.4,19.8,16.7,76.3,25.1,60.3
49,2022-01-11 19:15:14,15.8,20.2,16.4,76.4,25.1,59.6
50,2022-01-11 13:09:53,15.5,19.9,16.3,76.5,24.7,60.6
51,2022-01-11 19:15:14,14.5,18.9,16.2,76.5,24.6,59.9
52,2022-01-11 13:09:53,16.1,20.3,16.4,76.7,25.1,59.4
53,2022-01-11 19:15:14,14.9,19.3,16.4,76.5,25.0,58.8
54,2022-01-11 16:15:01,15.0,19.4,16.1,76.6,24.7,58.8
55,2022-01-11 16:15:01,16.1,20.5,16.0,76.6,24.9,57.9
56,2022-01-11 16:15:01,16.1,20.5,15.7,76.5,24.9,57.2
57,2022-01-11 16:15:01,15.8,20.2,15.7,76.4,24.9,57.0
58,2022-01-11 16:15:01,15.8,20.2,15.8,76.3,25.0,56.7
59,2022-01-11 16:15:01,15.5,19.9,15.3,76.1,24.5,57.6
60,2022-01-11 16:15:01,15.6,20.0,15.5,76.0,24.7,57.3
61,2022-01-11 16:15:01,15.6,20.0,15.7,75.9,24.9,56.7
62,2022-01-11 16:15:01,15.7,20.1,15.7,75.8,24.9,57.2
63,2022-01-11 19:12:21,14.3,18.9,15.4,75.5,24.6,57.4
64,2022-01-11 19:12:21,14.7,19.3,15.4,75.5,24.6,56.9
65,2022-01-11 19:12:21,14.2,18.8,15.3,75.3,24.5,56.8
0,2022-01-12 11:00:31,16.8,21.5,14.9,75.2,23.5,59.5
1,2022-01-12 11:00:31,16.7,21.4,15.0,75.0,23.3,60.0
2,2022-01-12 11:22:16,16.6,21.3,14.8,74.7,23.1,60.3
3,2022-01-12 11:22:16,16.3,21.2,15.0,74.5,23.0,60.8
4,2022-01-12 11:39:03,16.2,21.1,14.9,74.3,22.9,61.1
5,2022-01-12 11:39:03,16.2,21.1,14.7,74.1,22.7,60.9
6,2022-01-12 11:57:03,16.1,21.0,14.5,73.9,22.5,61.0
7,2022-01-12 11:57:03,16.1,21.0,14.4,73.7,22.4,60.7
8,2022-01-12 12:15:19,15.9,21.0,14.3,73.5,22.3,60.8
9,2022-01-12 12:15:19,15.8,20.9,14.2,73.3,22.2,60.9
10,2022-01-12 12:35:50,15.7,20.8,14.2,73.1,22.1,60.8
11,2022-01-12 12:35:50,15.7,20.8,14.1,72.8,22.0,60.8
12,2022-01-12 12:52:33,15.5,20.8,13.6,72.4,21.8,60.5
13,2022-01-12 12:52:33,15.5,20.8,13.8,72.3,21.7,60.8
14,2022-01-12 13:08:23,15.5,20.8,13.8,72.1,21.7,60.7
15,2022-01-12 13:26:02,15.4,20.7,13.7,71.9,21.6,60.7
16,2022-01-12 13:44:37,15.4,20.7,13.7,71.7,21.6,61.1
17,2022-01-12 13:44:37,15.2,20.7,13.7,71.6,21.6,61.3
18,2022-01-12 14:02:17,15.2,20.7,13.9,71.3,21.5,61.9
19,2022-01-12 14:02:17,15.2,20.7,13.9,71.2,21.5,62.2
20,2022-01-12 13:08:23,10.6,16.1,13.8,70.6,20.4,66.3
21,2022-01-12 13:26:02,10.9,16.2,13.5,70.9,19.9,67.2
22,2022-01-12 14:20:00,11.1,16.4,13.7,71.3,19.8,68.2
23,2022-01-12 14:20:00,11.0,16.1,14.2,72.0,19.9,70.3
24,2022-01-12 14:38:14,11.2,16.3,14.2,72.5,19.9,70.6
25,2022-01-12 14:38:14,11.2,16.1,14.3,72.8,19.8,70.9
26,2022-01-12 14:57:16,11.2,16.1,14.6,73.3,19.9,71.7
27,2022-01-12 14:57:16,11.3,16.0,14.6,73.7,19.9,72.2
28,2022-01-12 15:14:33,11.3,16.0,14.7,74.2,20.0,72.0
29,2022-01-12 15:31:06,11.4,16.1,15.0,74.6,20.1,73.6
30,2022-01-12 15:14:33,11.4,15.9,15.6,75.1,20.2,75.1
31,2022-01-12 15:49:26,11.6,15.9,15.8,75.8,20.6,74.4
32,2022-01-12 15:49:26,11.6,15.9,16.0,76.4,20.6,74.9
33,2022-01-12 15:31:06,11.7,15.8,16.1,77.0,20.7,74.9
34,2022-01-12 16:07:13,11.6,15.7,16.0,77.5,20.9,74.1
35,2022-01-12 16:24:47,11.7,15.6,16.0,78.1,21.1,72.9
36,2022-01-12 16:07:13,11.8,15.7,16.0,78.6,21.1,72.8
37,2022-01-12 16:24:47,12.1,15.8,15.4,79.1,21.2,70.6
38,2022-01-12 16:42:27,12.1,15.8,15.2,79.4,21.2,69.5
39,2022-01-12 16:42:27,11.9,15.4,15.0,79.7,21.2,68.1
40,2022-01-12 17:00:34,12.0,15.5,14.9,79.9,21.4,66.7
41,2022-01-12 17:00:34,12.1,15.6,14.7,80.1,21.4,66.4
42,2022-01-12 17:18:09,12.4,15.9,14.8,80.2,21.5,66.5
43,2022-01-12 17:18:09,12.7,16.2,15.1,80.6,21.3,68.4
44,2022-01-12 17:35:10,12.9,16.2,15.0,80.7,21.2,67.9
45,2022-01-12 17:35:10,12.5,15.8,14.3,80.9,20.5,67.8
46,2022-01-12 17:53:07,12.4,15.7,14.1,81.0,20.2,68.0
47,2022-01-12 17:53:07,12.1,15.4,14.1,81.0,20.0,69.0
48,2022-01-12 18:27:57,11.8,15.1,14.0,81.0,19.7,69.9
49,2022-01-12 18:27:57,11.9,15.2,14.2,81.1,19.6,70.7
50,2022-01-12 19:21:34,11.7,15.0,13.9,81.2,19.3,70.9
51,2022-01-12 19:21:34,11.7,15.0,13.8,81.4,19.0,72.2
52,2022-01-12 19:57:24,11.7,15.0,13.8,81.5,18.8,72.9
53,2022-01-12 20:15:36,15.1,18.3,14.8,81.9,21.2,67.2
54,2022-01-12 19:57:24,16.0,19.2,15.1,81.7,22.6,63.2
55,2022-01-12 20:15:36,16.1,19.5,15.1,81.5,23.1,61.3
56,2022-01-12 20:33:31,16.2,19.6,15.4,81.3,23.4,61.4
57,2022-01-12 20:33:31,16.2,19.6,15.6,81.1,23.6,61.6
58,2022-01-12 20:51:12,16.3,19.7,15.7,80.8,23.8,61.6
59,2022-01-12 20:51:12,16.1,19.7,15.8,80.6,23.9,61.4
60,2022-01-12 21:09:02,17.4,21.0,16.0,80.5,24.1,60.8
61,2022-01-12 21:09:02,15.3,18.9,15.4,80.1,22.6,64.6
0,2022-01-13 00:08:36,15.5,19.1,15.1,80.0,21.3,67.8
1,2022-01-13 00:08:36,17.2,20.8,15.2,79.9,21.7,67.3
2,2022-01-13 00:27:07,17.1,20.9,15.1,79.4,21.8,66.6
3,2022-01-13 00:27:07,17.1,20.9,15.1,79.1,21.8,66.2
4,2022-01-13 00:44:32,17.1,20.9,15.1,78.8,21.8,66.3
5,2022-01-13 00:44:32,16.9,20.9,15.0,78.6,21.7,66.1
6,2022-01-13 01:02:05,16.9,20.9,15.0,78.3,21.7,65.9
7,2022-01-13 01:02:05,16.9,20.9,14.8,78.1,21.7,65.2
8,2022-01-13 01:19:16,16.9,20.9,14.6,77.8,21.8,64.6
9,2022-01-13 01:19:16,16.8,21.0,14.6,77.2,21.8,64.2
10,2022-01-13 01:35:31,16.8,21.0,14.4,76.9,21.8,63.5
11,2022-01-13 01:35:31,16.5,21.0,14.4,76.6,21.8,63.2
12,2022-01-13 01:51:18,16.5,21.0,14.5,76.1,21.9,63.5
13,2022-01-13 01:51:18,16.6,21.1,14.6,75.8,22.0,63.1
14,2022-01-13 02:10:49,16.5,21.2,14.4,75.6,22.1,62.5
15,2022-01-13 02:10:49,16.6,21.3,14.4,75.3,22.1,62.4
16,2022-01-13 02:27:23,16.6,21.3,14.2,75.1,22.2,61.6
17,2022-01-13 02:27:23,14.5,19.1,14.0,74.7,21.4,63.1
18,2022-01-13 02:43:05,11.1,15.8,13.7,74.2,20.3,65.9
19,2022-01-13 02:43:05,11.0,15.7,14.2,74.6,20.1,69.2
20,2022-01-13 03:00:09,10.9,15.4,13.9,74.8,19.8,69.4
21,2022-01-13 03:00:09,11.3,15.8,13.9,75.2,19.8,69.3
22,2022-01-13 03:16:05,11.4,15.9,13.9,75.5,19.8,69.3
23,2022-01-13 03:16:05,11.5,15.8,13.8,75.7,19.9,68.6
24,2022-01-13 03:34:21,11.6,15.9,14.2,76.3,20.1,69.6
25,2022-01-13 03:34:21,11.6,15.9,14.4,76.6,20.1,69.8
26,2022-01-13 03:51:17,11.8,15.9,14.6,76.9,20.1,71.0
27,2022-01-13 03:51:17,11.8,15.9,14.9,77.2,20.2,72.4
28,2022-01-13 04:09:13,11.7,15.8,15.1,77.6,20.2,73.0
29,2022-01-13 04:09:13,11.9,15.8,15.2,78.0,20.3,72.8
30,2022-01-13 04:28:09,12.0,15.9,15.3,78.4,20.4,72.9
31,2022-01-13 04:28:09,12.0,15.7,15.4,78.8,20.5,73.2
32,2022-01-13 04:47:43,11.9,15.6,15.3,79.2,20.4,73.1
33,2022-01-13 04:47:43,12.0,15.7,15.5,79.6,20.6,73.0
34,2022-01-13 05:05:36,12.1,15.6,15.3,80.0,20.6,72.6
35,2022-01-13 05:05:36,12.3,15.8,15.4,80.4,20.7,72.6
36,2022-01-13 05:23:04,12.4,15.7,15.5,80.7,20.8,72.2
37,2022-01-13 05:23:04,12.4,15.7,15.5,81.0,20.8,72.0
38,2022-01-13 05:40:11,12.1,15.4,15.5,81.3,20.8,72.1
39,2022-01-13 05:40:11,12.4,15.5,15.8,81.8,20.9,72.9
40,2022-01-13 05:56:49,12.5,15.6,15.8,82.1,20.9,73.4
41,2022-01-13 05:56:49,12.7,15.8,15.9,82.4,20.8,74.0
42,2022-01-13 06:13:49,12.9,15.8,15.8,82.7,20.6,74.0
43,2022-01-13 06:13:49,12.7,15.6,15.8,82.9,20.4,74.7
44,2022-01-13 06:46:25,12.6,15.5,15.5,83.2,20.3,74.3
45,2022-01-13 06:46:25,12.4,15.3,15.4,83.4,20.0,75.1
46,2022-01-13 07:02:50,12.7,15.4,15.5,83.7,19.9,76.0
47,2022-01-13 07:02:50,12.6,15.3,15.4,83.9,19.6,77.0
48,2022-01-13 07:21:34,14.7,17.5,15.8,84.6,20.4,75.1
49,2022-01-13 07:21:34,16.4,19.0,16.5,84.7,22.5,69.5
50,2022-01-13 07:38:38,16.7,19.5,16.8,84.6,23.4,66.8
51,2022-01-13 07:38:38,16.8,19.6,17.0,84.5,23.8,65.7
52,2022-01-13 07:54:50,16.9,19.7,16.9,84.2,24.0,64.7
53,2022-01-13 07:54:50,17.2,20.0,17.3,84.0,24.4,64.7
54,2022-01-13 08:10:10,17.1,19.9,17.2,83.8,24.3,65.4
55,2022-01-13 08:10:10,16.9,19.9,17.1,83.6,24.2,65.3
56,2022-01-13 08:27:13,17.1,20.1,17.1,83.4,24.2,65.4
57,2022-01-13 08:27:13,16.9,19.9,17.1,83.2,24.2,64.8
58,2022-01-13 08:44:33,18.5,21.6,17.4,83.2,24.5,64.8
59,2022-01-13 08:44:33,18.6,21.7,16.8,82.9,23.3,67.6
0,2022-01-14 02:25:21,18.4,21.7,16.3,82.5,23.1,66.0
1,2022-01-14 02:41:57,18.3,21.6,16.1,82.1,22.9,65.8
2,2022-01-14 03:02:41,18.3,21.6,16.1,81.7,22.9,66.1
3,2022-01-14 03:16:01,18.1,21.5,16.0,81.3,22.8,66.4
4,2022-01-14 03:32:44,17.7,21.4,15.9,80.6,22.6,66.2
5,2022-01-14 03:51:46,17.7,21.4,15.8,80.2,22.5,65.8
6,2022-01-14 04:22:23,17.7,21.4,15.8,79.9,22.5,66.1
7,2022-01-14 04:57:27,17.6,21.4,15.5,79.6,22.5,65.6
8,2022-01-14 05:13:55,17.7,21.5,15.8,79.3,22.5,65.7
9,2022-01-14 05:43:33,17.7,21.5,15.8,79.0,22.5,65.9
10,2022-01-14 06:03:42,17.7,21.5,15.5,78.7,22.5,65.6
11,2022-01-14 06:19:46,17.5,21.6,15.8,78.4,22.5,65.8
12,2022-01-14 06:38:46,17.5,21.6,15.5,78.1,22.5,65.1
13,2022-01-14 07:15:54,17.5,21.6,15.6,77.8,22.6,65.1
14,2022-01-14 07:32:07,17.4,21.7,15.4,77.6,22.6,64.4
15,2022-01-14 07:46:13,17.4,21.7,15.4,77.3,22.6,64.2
16,2022-01-14 08:20:10,17.4,21.7,15.4,77.0,22.6,64.0
17,2022-01-14 08:06:15,17.4,21.7,15.0,76.7,22.5,63.3
18,2022-01-14 08:36:02,17.2,21.7,15.0,76.4,22.5,63.4
19,2022-01-14 08:51:27,16.3,20.8,14.9,76.0,22.3,62.9
20,2022-01-14 09:09:58,15.0,19.4,14.5,75.7,21.4,65.4
21,2022-01-14 09:26:29,13.4,17.7,14.8,75.7,21.0,67.9
22,2022-01-14 09:47:24,13.6,18.0,15.0,76.0,20.7,69.7
23,2022-01-14 10:04:40,13.1,17.4,15.0,76.2,20.7,69.7
24,2022-01-14 10:25:59,13.0,17.3,15.1,76.5,20.8,70.1
25,2022-01-14 10:40:37,13.7,17.8,15.1,76.8,20.8,70.2
26,2022-01-14 10:55:25,13.5,17.6,15.1,77.0,20.8,70.0
27,2022-01-14 11:12:49,13.6,17.7,14.8,77.2,21.0,68.5
28,2022-01-14 11:27:35,13.2,17.3,15.0,77.4,21.2,68.4
29,2022-01-14 11:27:35,13.3,17.4,15.0,77.6,21.2,67.7
30,2022-01-14 11:48:04,13.6,17.5,14.9,77.8,21.4,67.5
31,2022-01-14 12:03:25,13.0,16.9,15.1,77.8,21.6,66.8
32,2022-01-14 12:18:13,13.6,17.5,15.2,78.0,21.7,66.8
33,2022-01-14 12:33:44,13.4,17.3,15.2,78.2,21.7,66.9
34,2022-01-14 13:05:56,12.8,16.7,15.0,78.2,21.7,66.6
35,2022-01-14 13:21:05,13.2,17.1,15.3,78.5,21.8,66.7
36,2022-01-14 13:55:27,13.2,17.1,15.2,78.6,21.9,66.4
37,2022-01-14 13:39:44,13.4,17.1,15.2,78.8,21.9,66.4
38,2022-01-14 14:09:47,13.6,17.3,15.1,78.9,22.0,65.4
39,2022-01-14 14:26:51,13.3,17.0,14.8,79.0,22.0,64.3
40,2022-01-14 14:47:02,12.5,16.2,14.6,79.1,21.8,64.4
41,2022-01-14 15:01:08,12.7,16.4,14.7,79.2,21.9,63.7
42,2022-01-14 15:18:19,13.8,17.5,14.9,79.4,22.3,62.9
43,2022-01-14 15:39:45,13.5,17.2,14.8,79.4,22.2,62.9
44,2022-01-14 15:56:35,13.4,17.1,15.0,79.4,22.2,63.8
45,2022-01-14 16:11:06,13.3,17.0,15.2,79.5,22.2,64.8
46,2022-01-14 16:25:13,14.1,17.6,15.2,79.7,22.2,65.2
47,2022-01-14 16:40:14,13.4,16.9,15.1,79.7,22.0,65.6
48,2022-01-14 16:58:39,13.6,17.1,15.0,79.8,21.9,65.3
49,2022-01-14 17:14:36,13.5,17.0,14.9,79.9,21.8,65.1
50,2022-01-14 17:33:48,13.5,17.0,14.6,79.9,21.5,64.8
51,2022-01-14 18:09:26,13.2,16.7,14.6,80.0,21.3,66.2
52,2022-01-14 18:45:26,13.4,16.9,14.6,80.0,21.3,66.3
53,2022-01-14 19:02:14,13.3,16.8,14.8,80.1,21.2,67.4
54,2022-01-14 19:18:00,13.8,17.3,14.9,80.2,21.1,67.8
55,2022-01-14 19:32:19,12.9,16.4,14.8,80.1,21.0,68.1
56,2022-01-14 20:06:35,12.9,16.4,14.9,80.3,20.9,68.9
57,2022-01-14 19:52:10,13.3,16.8,14.8,80.4,20.8,69.2
58,2022-01-14 20:20:59,13.1,16.6,14.9,80.5,20.6,69.8
59,2022-01-14 20:59:32,12.8,16.3,14.7,80.6,20.4,70.0
60,2022-01-14 21:17:09,13.7,17.0,14.8,80.7,20.5,70.3
61,2022-01-14 21:30:54,13.1,16.4,14.6,80.7,20.3,70.5
62,2022-01-14 22:07:12,13.0,16.3,14.6,80.8,20.3,70.4
63,2022-01-14 22:24:16,12.5,15.8,14.5,80.8,20.2,70.2
64,2022-01-14 22:40:12,13.5,16.8,14.6,81.0,20.3,70.6
65,2022-01-14 22:59:26,13.6,16.9,14.7,81.1,20.2,71.3
66,2022-01-14 23:16:05,14.4,17.7,14.9,81.3,20.2,72.4
67,2022-01-14 23:35:13,16.7,20.1,15.6,81.4,20.9,72.2
0,2022-01-15 00:13:16,17.3,20.7,15.3,81.3,21.3,69.0
1,2022-01-15 00:13:16,17.5,20.9,15.1,81.1,21.6,67.4
2,2022-01-15 00:13:16,17.8,21.2,16.0,80.9,21.8,70.6
3,2022-01-15 00:13:16,17.8,21.2,16.0,80.7,21.8,69.9
4,2022-01-15 00:13:16,17.6,21.2,15.9,80.4,21.9,69.0
5,2022-01-15 00:29:37,17.6,21.2,15.7,80.2,21.9,67.7
6,2022-01-15 00:29:37,17.5,21.3,15.3,79.6,22.0,66.6
7,2022-01-15 00:29:37,17.5,21.3,15.5,79.1,22.0,67.2
8,2022-01-15 00:29:37,17.6,21.4,15.5,78.7,22.0,67.3
9,2022-01-15 00:29:37,17.3,21.4,15.5,78.4,22.0,66.9
10,2022-01-15 00:44:47,17.2,21.3,15.3,78.2,22.0,65.8
11,2022-01-15 00:44:47,17.3,21.4,15.1,77.9,22.0,65.5
12,2022-01-15 00:44:47,17.3,21.4,15.3,77.7,22.0,66.1
13,2022-01-15 00:44:47,17.2,21.4,15.3,77.4,22.0,66.4
14,2022-01-15 00:44:47,17.2,21.4,15.4,77.2,21.9,66.8
15,2022-01-15 01:04:46,17.2,21.4,15.4,77.0,21.9,66.9
16,2022-01-15 01:04:46,17.1,21.3,15.4,76.8,21.9,66.7
17,2022-01-15 01:04:46,16.8,21.3,15.1,76.6,21.8,66.4
18,2022-01-15 01:04:46,16.7,21.2,15.0,76.4,21.7,66.5
19,2022-01-15 01:04:46,16.6,21.1,15.1,76.2,21.6,66.7
20,2022-01-15 01:36:34,16.6,21.1,15.0,76.0,21.5,66.8
21,2022-01-15 01:36:34,16.6,21.1,15.0,75.9,21.5,67.1
22,2022-01-15 01:36:34,16.4,21.1,15.0,75.6,21.5,67.0
23,2022-01-15 01:36:34,16.5,21.2,15.1,75.5,21.6,66.7
24,2022-01-15 01:36:34,16.6,21.3,15.1,75.3,21.8,66.0
25,2022-01-15 01:51:26,16.7,21.4,15.2,75.1,21.9,65.7
26,2022-01-15 01:51:26,16.9,21.6,15.2,75.0,22.2,65.0
27,2022-01-15 01:51:26,17.2,21.9,15.2,74.8,22.4,64.6
28,2022-01-15 01:51:26,17.4,22.1,15.4,74.7,22.6,64.3
29,2022-01-15 01:51:26,17.4,22.3,15.7,74.5,22.9,63.8
30,2022-01-15 02:06:16,17.9,22.8,15.7,74.1,23.5,62.4
31,2022-01-15 02:06:16,18.2,23.1,15.8,73.8,23.9,61.6
32,2022-01-15 02:06:16,18.7,23.9,15.5,72.9,24.7,57.5
33,2022-01-15 02:06:16,18.7,24.1,15.7,72.5,24.9,57.1
34,2022-01-15 02:06:16,18.8,24.2,15.6,72.1,25.1,56.6
35,2022-01-15 02:40:23,19.0,24.4,15.7,71.7,25.2,56.4
36,2022-01-15 02:40:23,18.9,24.6,15.9,71.3,25.4,55.7
37,2022-01-15 02:40:23,19.0,24.7,15.7,70.9,25.5,55.3
38,2022-01-15 02:40:23,18.9,24.8,15.7,70.4,25.5,55.1
39,2022-01-15 02:40:23,19.0,24.9,15.7,70.1,25.5,55.0
40,2022-01-15 02:25:03,18.8,24.9,15.7,69.6,25.5,54.8
41,2022-01-15 02:25:03,18.8,24.9,15.6,69.1,25.4,54.8
42,2022-01-15 02:25:03,18.4,24.8,15.3,68.3,25.1,55.0
43,2022-01-15 02:25:03,18.3,24.7,15.2,67.9,24.9,55.0
44,2022-01-15 02:25:03,17.9,24.5,14.9,67.6,24.6,55.6
45,2022-01-15 02:55:56,17.4,24.0,15.0,67.0,24.1,56.9
46,2022-01-15 02:55:56,17.2,23.8,14.7,66.8,23.8,57.5
47,2022-01-15 02:55:56,16.6,23.4,14.9,66.5,23.4,58.9
48,2022-01-15 02:55:56,16.4,23.2,14.6,66.4,23.1,59.6
49,2022-01-15 02:55:56,16.2,23.0,14.7,66.3,23.0,60.0
50,2022-01-15 03:10:28,16.0,22.8,14.6,66.2,22.8,60.5
51,2022-01-15 03:10:28,16.0,22.7,14.6,66.1,22.6,60.9
52,2022-01-15 03:10:28,15.8,22.5,14.5,66.1,22.5,61.3
53,2022-01-15 03:10:28,15.7,22.4,14.6,66.1,22.3,61.7
54,2022-01-15 03:10:28,15.6,22.3,14.5,66.1,22.2,62.1
55,2022-01-15 03:26:41,15.4,22.1,14.3,66.1,22.0,62.5
56,2022-01-15 03:26:41,15.2,21.9,14.5,66.2,21.9,62.7
